{
  "bayesian_fnn": {
    "best_params": {
      "lr": 0.0006672367170464204,
      "beta": 0.0002267398652378039,
      "posterior_std_init": 0.011484386441609316
    },
    "best_score": -0.050973076187074196,
    "metrics": {
      "accuracy": 0.8774999976158142,
      "ece": 0.010447108186781406,
      "mce": 0.02632981538772583,
      "brier": 0.1784125417470932
    },
    "user_attrs": {
      "accuracy": 0.8774999976158142,
      "ece": 0.010447108186781406,
      "mce": 0.02632981538772583,
      "brier": 0.1784125417470932,
      "beta": 0.0002267398652378039,
      "posterior_std_init": 0.011484386441609316
    }
  }
}