{
  "dataset": "toy_2gaussian",
  "seeds": [
    0,
    1,
    2,
    3,
    4
  ],
  "summary": {
    "FNN": {
      "accuracy": {
        "mean": 0.8946667075157165,
        "std": 0.006182406434322617
      },
      "nll": {
        "mean": 0.34988345503807067,
        "std": 0.041940644433073576
      },
      "brier": {
        "mean": 0.16643458604812622,
        "std": 0.008370288202739188
      },
      "ece": {
        "mean": 0.03545315638184547,
        "std": 0.006747587367248041
      },
      "ace": {
        "mean": 0.03665331713855267,
        "std": 0.004382147170786927
      },
      "aurc": {
        "mean": 0.03615414019100003,
        "std": 0.0040145394618619525
      },
      "ood_auroc": {
        "mean": 0.2619375,
        "std": 0.015851477226016323
      },
      "fwd_passes": {
        "mean": 1.0,
        "std": 0.0
      }
    },
    "DropoutFNN": {
      "accuracy": {
        "mean": 0.9056666970252991,
        "std": 0.007644889336711578
      },
      "nll": {
        "mean": 0.2414998322725296,
        "std": 0.022256838302317426
      },
      "brier": {
        "mean": 0.14074000120162963,
        "std": 0.009226011957497582
      },
      "ece": {
        "mean": 0.02090982049703598,
        "std": 0.005767750913703413
      },
      "ace": {
        "mean": 0.02732621505856514,
        "std": 0.009025943974299832
      },
      "aurc": {
        "mean": 0.02329036887709502,
        "std": 0.005951289167016537
      },
      "ood_auroc": {
        "mean": 0.2818583333333334,
        "std": 0.08339011282320385
      },
      "fwd_passes": {
        "mean": 100.0,
        "std": 0.0
      }
    },
    "BayesianFNN": {
      "accuracy": {
        "mean": 0.9033333659172058,
        "std": 0.010434973943422885
      },
      "nll": {
        "mean": 0.26351886093616483,
        "std": 0.046899477875228905
      },
      "brier": {
        "mean": 0.14613292515277862,
        "std": 0.012301492767168631
      },
      "ece": {
        "mean": 0.024941753968596457,
        "std": 0.004822207733520951
      },
      "ace": {
        "mean": 0.02521914578974247,
        "std": 0.0028492573953157875
      },
      "aurc": {
        "mean": 0.025132444536925924,
        "std": 0.0069623522390089764
      },
      "ood_auroc": {
        "mean": 0.1837761111111111,
        "std": 0.026488153105459652
      },
      "fwd_passes": {
        "mean": 100.0,
        "std": 0.0
      }
    },
    "LaplaceFNN": {
      "accuracy": {
        "mean": 0.8946667075157165,
        "std": 0.006182406434322617
      },
      "nll": {
        "mean": 0.2958971679210663,
        "std": 0.013553613866220842
      },
      "brier": {
        "mean": 0.16682475805282593,
        "std": 0.007792802130387885
      },
      "ece": {
        "mean": 0.029297249764204024,
        "std": 0.01007198177846448
      },
      "ace": {
        "mean": 0.04133307561278343,
        "std": 0.00671418423090991
      },
      "aurc": {
        "mean": 0.053412953163570906,
        "std": 0.00800664633416152
      },
      "ood_auroc": {
        "mean": 0.3527527777777778,
        "std": 0.09339937769110894
      },
      "fwd_passes": {
        "mean": 100.0,
        "std": 0.0
      }
    },
    "MCMCFNN": {
      "accuracy": {
        "mean": 0.9060000300407409,
        "std": 0.0062893147567407316
      },
      "nll": {
        "mean": 0.23684000372886657,
        "std": 0.018583115154161955
      },
      "brier": {
        "mean": 0.1397646874189377,
        "std": 0.009562504249031913
      },
      "ece": {
        "mean": 0.022082685306668282,
        "std": 0.0073799255162204916
      },
      "ace": {
        "mean": 0.023454240523278713,
        "std": 0.006430566749262793
      },
      "aurc": {
        "mean": 0.022799605940286006,
        "std": 0.005529178877337798
      },
      "ood_auroc": {
        "mean": 0.44857944444444453,
        "std": 0.04788177072645949
      },
      "fwd_passes": {
        "mean": 150.0,
        "std": 0.0
      }
    },
    "TemperatureScaledFNN": {
      "accuracy": {
        "mean": 0.8946667075157165,
        "std": 0.006182406434322617
      },
      "nll": {
        "mean": 0.3630729794502258,
        "std": 0.03569439410310875
      },
      "brier": {
        "mean": 0.1678994655609131,
        "std": 0.007726258223249775
      },
      "ece": {
        "mean": 0.039938933402299884,
        "std": 0.013927259669616244
      },
      "ace": {
        "mean": 0.04022104665637016,
        "std": 0.007516447651796407
      },
      "aurc": {
        "mean": 0.03632703931053804,
        "std": 0.004438621310509363
      },
      "ood_auroc": {
        "mean": 0.26130250000000005,
        "std": 0.015440910177148428
      },
      "fwd_passes": {
        "mean": 1.0,
        "std": 0.0
      }
    },
    "DeepEnsemble": {
      "accuracy": {
        "mean": 0.8983333706855774,
        "std": 0.003944049427390848
      },
      "nll": {
        "mean": 0.2962553381919861,
        "std": 0.07721959169010023
      },
      "brier": {
        "mean": 0.15473874807357788,
        "std": 0.012167628783231332
      },
      "ece": {
        "mean": 0.02793697752058506,
        "std": 0.011963357388996428
      },
      "ace": {
        "mean": 0.033535242453217505,
        "std": 0.006607046084672213
      },
      "aurc": {
        "mean": 0.0284109800918802,
        "std": 0.007250469827818201
      },
      "ood_auroc": {
        "mean": 0.29563055555555556,
        "std": 0.08445073171038693
      },
      "fwd_passes": {
        "mean": 5.0,
        "std": 0.0
      }
    }
  },
  "raw": {
    "FNN": {
      "accuracy": [
        0.8983333706855774,
        0.8916667103767395,
        0.9050000309944153,
        0.8883333802223206,
        0.89000004529953
      ],
      "nll": [
        0.3218825161457062,
        0.3333755135536194,
        0.3047868013381958,
        0.36561527848243713,
        0.4237571656703949
      ],
      "brier": [
        0.16433526575565338,
        0.161479651927948,
        0.15472424030303955,
        0.17783713340759277,
        0.1737966388463974
      ],
      "ece": [
        0.04600755125284195,
        0.027295339852571487,
        0.031368762254714966,
        0.04027184844017029,
        0.03232228010892868
      ],
      "ace": [
        0.043962735682725906,
        0.03841150924563408,
        0.03080799989402294,
        0.03477957844734192,
        0.03530476242303848
      ],
      "aurc": [
        0.031428144854686396,
        0.03359644023264199,
        0.033827453459544396,
        0.04072207399342068,
        0.04119658841470669
      ],
      "ood_auroc": [
        0.2535277777777778,
        0.24505694444444442,
        0.25275555555555557,
        0.28971388888888894,
        0.26863333333333334
      ],
      "fwd_passes": [
        1.0,
        1.0,
        1.0,
        1.0,
        1.0
      ]
    },
    "DropoutFNN": {
      "accuracy": [
        0.9100000262260437,
        0.9116666913032532,
        0.9116666913032532,
        0.9033333659172058,
        0.8916667103767395
      ],
      "nll": [
        0.21841415762901306,
        0.2468615025281906,
        0.21745707094669342,
        0.24713768064975739,
        0.27762874960899353
      ],
      "brier": [
        0.13544408977031708,
        0.1340642273426056,
        0.13134850561618805,
        0.14714427292346954,
        0.15569891035556793
      ],
      "ece": [
        0.027966922149062157,
        0.026285838335752487,
        0.011951509863138199,
        0.019991569221019745,
        0.018353262916207314
      ],
      "ace": [
        0.032186202704906464,
        0.042886801064014435,
        0.019709527492523193,
        0.02181962877511978,
        0.020028915256261826
      ],
      "aurc": [
        0.016413170691335004,
        0.026648230414518744,
        0.016975684614032295,
        0.02431579201067115,
        0.03209896665491791
      ],