{
  "dataset": "toy_2gaussian",
  "seed": 42,
  "results": {
    "FNN": {
      "accuracy": 0.8983333706855774,
      "nll": 0.26465633511543274,
      "brier": 0.14874860644340515,
      "ece": 0.017775163054466248,
      "ace": 0.021210385486483574,
      "aurc": 0.02749039299596058,
      "ood_auroc": 0.253875,
      "fwd_passes": 1
    },
    "DropoutFNN": {
      "accuracy": 0.9000000357627869,
      "nll": 0.24176140129566193,
      "brier": 0.14483167231082916,
      "ece": 0.023704299703240395,
      "ace": 0.024691015481948853,
      "aurc": 0.01995207568102416,
      "ood_auroc": 0.23014166666666666,
      "fwd_passes": 100
    },
    "BayesianFNN": {
      "accuracy": 0.9000000357627869,
      "nll": 0.23968173563480377,
      "brier": 0.14416976273059845,
      "ece": 0.03177008032798767,
      "ace": 0.02788889966905117,
      "aurc": 0.021455573477745495,
      "ood_auroc": 0.14736944444444444,
      "fwd_passes": 100
    },
    "LaplaceFNN": {
      "accuracy": 0.8950000405311584,
      "nll": 0.2926699221134186,
      "brier": 0.16179558634757996,
      "ece": 0.072088822722435,
      "ace": 0.07144023478031158,
      "aurc": 0.029739970714972135,
      "ood_auroc": 0.20828194444444442,
      "fwd_passes": 100
    },
    "MCMCFNN": {
      "accuracy": 0.9066666960716248,
      "nll": 0.23500776290893555,
      "brier": 0.1431093066930771,
      "ece": 0.019552210345864296,
      "ace": 0.02385544776916504,
      "aurc": 0.020112025034230378,
      "ood_auroc": 0.4064055555555555,
      "fwd_passes": 200
    },
    "TemperatureScaledFNN": {
      "accuracy": 0.8983333706855774,
      "nll": 0.26384586095809937,
      "brier": 0.14877040684223175,
      "ece": 0.01888115704059601,
      "ace": 0.021694673225283623,
      "aurc": 0.02749039299596058,
      "ood_auroc": 0.25377500000000003,
      "fwd_passes": 1
    }
  }
}